fecha,tasa_bcv
2023-01-02,17.4900
2023-01-03,17.5600
2023-01-04,17.8600
2023-01-05,17.9400
2023-01-06,18.3900
2023-01-09,18.6100
2023-01-10,18.6100
2023-01-11,18.8000
2023-01-12,19.0500
2023-01-13,19.2700
2023-01-16,19.4500
2023-01-17,19.6600
2023-01-18,19.9700
2023-01-19,19.9800
2023-01-20,20.2900
2023-01-23,20.5200
2023-01-24,20.7300
2023-01-25,21.1700
2023-01-26,21.3100
2023-01-27,21.7100
2023-01-30,21.9500
2023-01-31,21.9600
2023-02-01,22.3700
2023-02-02,22.4300
2023-02-03,22.6800
2023-02-06,22.9000
2023-02-07,23.1400
2023-02-08,23.6100
2023-02-09,23.8000
2023-02-10,24.1900
2023-02-13,24.2000
2023-02-14,24.2500
2023-02-15,24.3400
2023-02-16,24.3600
2023-02-17,24.3800
2023-02-23,24.3900
2023-02-24,24.3700
2023-02-27,24.4100
2023-02-28,24.3600
2023-03-01,24.3600
2023-03-02,24.3500
2023-03-03,24.3500
2023-03-06,24.3100
2023-03-07,24.2700
2023-03-08,24.1500
2023-03-09,24.1700
2023-03-10,24.1300
2023-03-13,24.1500
2023-03-14,24.1100
2023-03-15,24.0000
2023-03-16,24.0600
2023-03-17,24.1200
2023-03-20,24.2000
2023-03-21,24.2200
2023-03-22,24.2400
2023-03-23,24.2000
2023-03-24,24.3000
2023-03-27,24.4000
2023-03-28,24.3900
2023-03-29,24.4100
2023-03-30,24.4800
2023-03-31,24.4900
2023-04-03,24.5200
2023-04-04,24.4800
2023-04-05,24.4400
2023-04-10,24.4800
2023-04-11,24.3900
2023-04-12,24.4700
2023-04-13,24.4700
2023-04-14,24.5400
2023-04-17,24.5700
2023-04-18,24.5600
2023-04-19,24.5600
2023-04-20,24.5600
2023-04-21,24.5700
2023-04-24,24.6400
2023-04-25,24.6100
2023-04-26,24.6500
2023-04-27,24.6300
2023-04-28,24.7300
2023-05-01,24.7500
2023-05-02,24.7500
2023-05-03,24.8100
2023-05-04,24.8700
2023-05-05,25.0300
2023-05-08,25.0500
2023-05-09,25.0300
2023-05-10,25.1200
2023-05-11,25.1700
2023-05-12,25.3400
2023-05-15,25.4400
2023-05-16,25.4900
2023-05-17,25.6500
2023-05-18,25.8100
2023-05-19,25.9000
2023-05-22,26.0000
2023-05-23,26.0000
2023-05-24,26.0000
2023-05-25,26.0400
2023-05-26,26.1300
2023-05-29,26.2700
2023-05-30,26.2500
2023-05-31,26.2600
2023-06-01,26.2600
2023-06-02,26.4700
2023-06-05,26.6000
2023-06-06,26.4600
2023-06-07,27.6300
2023-06-08,26.7000
2023-06-09,26.8600
2023-06-12,27.0200
2023-06-13,27.0200
2023-06-14,27.0100
2023-06-15,27.1000
2023-06-16,27.1700
2023-06-19,27.2800
2023-06-20,27.2800
2023-06-21,27.2500
2023-06-22,27.3000
2023-06-23,27.5400
2023-06-26,27.6100
2023-06-27,27.6200
2023-06-28,27.7200
2023-06-29,27.8400
2023-06-30,27.8500
2023-07-03,28.0200
2023-07-04,28.0200
2023-07-06,28.1600
2023-07-07,28.2700
2023-07-10,28.3000
2023-07-11,28.2000
2023-07-12,28.3600
2023-07-13,28.3500
2023-07-14,28.4600
2023-07-17,28.6100
2023-07-18,28.6700
2023-07-19,28.8100
2023-07-20,28.8800
2023-07-21,28.9900
2023-07-25,29.0900
2023-07-26,29.1000
2023-07-27,29.3100
2023-07-28,29.3100
2023-07-31,29.5100
2023-08-01,29.5000
2023-08-02,29.6100
2023-08-03,29.7500
2023-08-04,30.1000
2023-08-07,30.9800
2023-08-08,30.9600
2023-08-09,31.0900
2023-08-10,31.2300
2023-08-11,31.3500
2023-08-14,31.5200
2023-08-15,31.5200
2023-08-16,31.5000
2023-08-17,31.6100
2023-08-18,31.7500
2023-08-21,31.8400
2023-08-22,31.8300
2023-08-23,32.0000
2023-08-24,32.1700
2023-08-25,32.2900
2023-08-28,32.3400
2023-08-29,32.4300
2023-08-30,32.4300
2023-08-31,32.5000
2023-09-01,32.5900
2023-09-04,32.8100
2023-09-05,32.7900
2023-09-06,32.9300
2023-09-07,33.7400
2023-09-08,33.2100
2023-09-11,33.3400
2023-09-12,33.3400
2023-09-13,33.3300
2023-09-14,33.4400
2023-09-15,33.5000
2023-09-18,33.6600
2023-09-19,33.6600
2023-09-20,33.8100
2023-09-21,33.8300
2023-09-22,33.9200
2023-09-25,33.9900
2023-09-26,34.0200
2023-09-27,34.0900
2023-09-28,34.2500
2023-09-29,34.3000
2023-10-02,34.4200
2023-10-03,34.4600
2023-10-04,34.6600
2023-10-05,34.7100
2023-10-06,34.7500
2023-10-09,34.8500
2023-10-10,34.8100
2023-10-11,34.8400
2023-10-12,34.9000
2023-10-13,34.9000
2023-10-16,34.8700
2023-10-17,34.8500
2023-10-18,34.8100
2023-10-19,34.8600
2023-10-20,34.8600
2023-10-23,34.9700
2023-10-24,34.9700
2023-10-25,35.0200
2023-10-26,35.0200
2023-10-27,35.0900
2023-10-30,35.1200
2023-10-31,35.1200
2023-11-01,35.0600
2023-11-02,35.1500
2023-11-03,35.1700
2023-11-06,35.2300
2023-11-07,35.2300
2023-11-08,35.1500
2023-11-09,35.2400
2023-11-10,35.3000
2023-11-13,35.3700
2023-11-14,35.3100
2023-11-15,35.3800
2023-11-16,35.4100
2023-11-17,35.4300
2023-11-20,35.4800
2023-11-21,35.4500
2023-11-22,35.4100
2023-11-23,35.3900
2023-11-24,35.4800
2023-11-27,35.5000
2023-11-28,35.4700
2023-11-29,35.4800
2023-11-30,35.4900
2023-12-01,35.5100
2023-12-04,35.5800
2023-12-05,35.5200
2023-12-06,35.5500
2023-12-07,35.5900
2023-12-08,35.6000
2023-12-12,35.6200
2023-12-13,35.5700
2023-12-14,35.6200
2023-12-15,35.6200
2023-12-18,35.6400
2023-12-19,35.6500
2023-12-20,35.7100
2023-12-21,35.7300
2023-12-22,35.7800
2023-12-26,35.8100
2023-12-27,35.7800
2023-12-28,35.8300
2023-12-29,35.8700
2024-01-02,35.9500
2024-01-03,35.8600
2024-01-04,35.9400
2024-01-05,35.9500
2024-01-08,36.0600
2024-01-09,35.9300
2024-01-12,35.9600
2024-01-15,35.9600
2024-01-16,35.9700
2024-01-17,36.0400
2024-01-18,36.0700
2024-01-19,36.1300
2024-01-22,36.1300
2024-01-23,36.1100
2024-01-24,36.1300
2024-01-25,36.1100
2024-01-29,36.1300
2024-01-30,36.1400
2024-01-31,36.2000
2024-02-01,36.2600
2024-02-02,36.2900
2024-02-05,36.2500
2024-02-06,36.2500
2024-02-07,36.2500
2024-02-08,36.2500
2024-02-09,36.2900
2024-02-14,36.3200
2024-02-15,36.2600
2024-02-19,36.2600
2024-02-20,35.2300
2024-02-21,35.2700
2024-02-22,36.2300
2024-02-23,36.2300
2024-02-26,36.0500
2024-02-27,36.0700
2024-02-28,36.0900
2024-02-29,36.1300
2024-03-01,36.1500
2024-03-04,36.0800
2024-03-05,36.0900
2024-03-06,36.1300
2024-03-07,36.1300
2024-03-08,36.1300
2024-03-13,36.2300
2024-03-14,36.2600
2024-03-15,36.2600
2024-03-18,36.2600
2024-03-19,36.2600
2024-03-20,36.2600
2024-03-21,36.2600
2024-03-26,36.3000
2024-03-27,36.3300
2024-04-01,36.3300
2024-04-02,36.2600
2024-04-03,36.2800
2024-04-04,36.2800
2024-04-05,36.2100
2024-04-09,36.1800
2024-04-10,36.2200
2024-04-11,36.1800
2024-04-12,36.2800
2024-04-16,36.2800
2024-04-17,36.2900
2024-04-18,36.2900
2024-04-23,36.3500
2024-04-24,36.3800
2024-04-25,36.4200
2024-04-26,36.4300
2024-04-30,36.4200
2024-05-02,36.4700
2024-05-03,36.5000
2024-05-06,36.5000
2024-05-07,36.5700
2024-05-08,36.5600
2024-05-09,36.5600
2024-05-10,36.5800
2024-05-13,36.5900
2024-05-14,36.6100
2024-05-15,36.5900
2024-05-16,36.6000
2024-05-17,36.6200
2024-05-21,36.5700
2024-05-22,36.5500
2024-05-23,36.5400
2024-05-24,36.5200
2024-05-27,36.5100
2024-05-28,36.5100
2024-05-29,36.5100
2024-05-30,36.5100
2024-05-31,36.5300
2024-06-03,36.5300
2024-06-04,36.5300
2024-06-05,36.5400
2024-06-06,36.5800
2024-06-07,36.4200
2024-06-10,36.4700
2024-06-11,36.4500
2024-06-12,36.4300
2024-06-13,36.4400
2024-06-14,36.4200
2024-06-17,36.4200
2024-06-18,36.4100
2024-06-19,36.3900
2024-06-20,36.3700
2024-06-21,36.3700
2024-06-25,36.3700
2024-06-26,36.3600
2024-06-27,36.3800
2024-06-28,36.4000
2024-07-01,36.4400
2024-07-02,36.4500
2024-07-03,36.4600
2024-07-04,36.4700
2024-07-05,36.4800
2024-07-08,36.5100
2024-07-09,36.4800
2024-07-10,36.5000
2024-07-11,36.5100
2024-07-12,36.5300
2024-07-15,36.5000
2024-07-16,36.5000
2024-07-17,36.5000
2024-07-18,36.5400
2024-07-19,36.5400
2024-07-22,36.5400
2024-07-23,36.5500
2024-07-24,36.5500
2024-07-25,36.5600
2024-07-26,36.5800
2024-07-29,36.5800
2024-07-30,36.6000
2024-07-31,36.6000
2024-08-01,36.6300
2024-08-02,36.6400
2024-08-05,36.6400
2024-08-06,36.6500
2024-08-07,36.6600
2024-08-08,36.6800
2024-08-09,36.6600
2024-08-12,36.6600
2024-08-13,36.6300
2024-08-14,36.3500
2024-08-15,36.6100
2024-08-16,36.6700
2024-08-20,36.6700
2024-08-21,36.6800
2024-08-22,36.6800
2024-08-23,36.6900
2024-08-26,36.5500
2024-08-27,36.5600
2024-08-28,36.5800
2024-08-29,36.5900
2024-08-30,36.6200
2024-09-02,36.6200
2024-09-03,36.6300
2024-09-04,36.6300
2024-09-05,36.6400
2024-09-06,36.6800
2024-09-09,36.6900
2024-09-10,36.6800
2024-09-11,36.7000
2024-09-12,36.7300
2024-09-13,36.7400
2024-09-16,36.7400
2024-09-17,36.7800
2024-09-18,36.7700
2024-09-19,36.7700
2024-09-20,36.8000
2024-09-23,36.8300
2024-09-24,36.8100
2024-09-25,36.8100
2024-09-26,36.8500
2024-09-27,36.8600
2024-09-30,36.9000
2024-10-01,36.9200
2024-10-02,36.9100
2024-10-03,36.9800
2024-10-04,36.9800
2024-10-07,37.0300
2024-10-08,37.0300
2024-10-09,37.0700
2024-10-10,37.5200
2024-10-11,37.6500
2024-10-14,38.8800
2024-10-15,38.8800
2024-10-16,38.9100
2024-10-17,39.0100
2024-10-18,39.1300
2024-10-21,39.1600
2024-10-22,39.1800
2024-10-23,39.3200
2024-10-24,39.4600
2024-10-25,40.8800
2024-10-28,41.0400
2024-10-29,41.7300
2024-10-30,42.2200
2024-10-31,42.5600
2024-11-01,42.7100
2024-11-05,42.8500
2024-11-06,43.4500
2024-11-07,43.7800
2024-11-08,44.1800
2024-11-11,44.7000
2024-11-12,44.7500
2024-11-13,44.9300
2024-11-14,45.0500
2024-11-15,45.5000
2024-11-18,45.5000
2024-11-19,45.7800
2024-11-20,45.8400
2024-11-21,46.0900
2024-11-22,46.3200
2024-11-25,46.6100
2024-11-26,46.6400
2024-11-27,46.7500
2024-11-28,46.8500
2024-11-29,47.3100
2024-12-02,47.6000
2024-12-03,47.7200
2024-12-04,47.8500
2024-12-05,48.1100
2024-12-06,48.3200
2024-12-09,48.7900
2024-12-10,48.8700
2024-12-11,49.1100
2024-12-12,49.4700
2024-12-13,49.9000
2024-12-16,50.3300
2024-12-17,50.3700
2024-12-18,50.5400
2024-12-19,50.9500
2024-12-20,51.3500
2024-12-23,51.5300
2024-12-24,51.6400
2024-12-26,51.6400
2024-12-27,51.7600
2024-12-30,51.9300
2025-01-02,52.0300
2025-01-03,52.5700
2025-01-06,53.0100
2025-01-07,53.0100
2025-01-08,53.0700
2025-01-09,53.2800
2025-01-10,53.8500
2025-01-13,53.8500
2025-01-14,53.8800
2025-01-15,53.9600
2025-01-16,54.3600
2025-01-17,54.7600
2025-01-20,54.9100
2025-01-21,54.9800
2025-01-22,55.2900
2025-01-23,55.7600
2025-01-24,56.2800
2025-01-27,56.6500
2025-01-28,56.8500
2025-01-29,57.2900
2025-01-30,57.3900
2025-01-31,57.9600
2025-02-03,58.4400
2025-02-04,58.5400
2025-02-05,58.7900
2025-02-06,59.4600
2025-02-07,60.1400
2025-02-10,60.5200
2025-02-11,60.5400
2025-02-12,61.0200
2025-02-13,61.3400
2025-02-14,61.8200
2025-02-17,62.0700
2025-02-18,62.0900
2025-02-19,62.1800
2025-02-20,62.5100
2025-02-21,63.2000
2025-02-24,63.4100
2025-02-25,63.4900
2025-02-26,64.0200
2025-02-27,64.2400
2025-02-28,64.2400
2025-03-05,64.4800
2025-03-06,64.6100
2025-03-07,64.7400
2025-03-10,65.2600
2025-03-11,65.4100
2025-03-12,65.6200
2025-03-13,66.2500
2025-03-14,66.4300
2025-03-17,66.5500
2025-03-18,66.7800
2025-03-19,67.3400
2025-03-20,67.6300
2025-03-21,67.8600
2025-03-24,68.3100
2025-03-25,68.3900
2025-03-26,68.6900
2025-03-27,69.0100
2025-03-28,69.4300
2025-03-31,69.5600
2025-04-01,69.7800
2025-04-02,70.0100
2025-04-03,70.2500
2025-04-04,70.5900
2025-04-07,72.1800
2025-04-08,73.3600
2025-04-09,74.2700
2025-04-10,75.8000
2025-04-11,77.2600
2025-04-14,78.3600
2025-04-15,78.5900
2025-04-16,79.7800
2025-04-21,80.9500
2025-04-22,81.7600
2025-04-23,82.3800
2025-04-24,83.4200
2025-04-25,84.4200
2025-04-28,86.1100
2025-04-29,86.6600
2025-04-30,86.8400
2025-05-02,87.5600
2025-05-05,88.6400
2025-05-06,88.7200
2025-05-07,91.2100
2025-05-08,91.9100
2025-05-09,92.8300
2025-05-12,93.0500
2025-05-13,93.0600
2025-05-14,93.5800
2025-05-15,94.1500
2025-05-16,94.3200
2025-05-19,94.7600
2025-05-20,94.8000
2025-05-21,94.8600
2025-05-22,94.9700
2025-05-23,95.0100
2025-05-26,95.0800
2025-05-27,95.2300
2025-05-28,95.8100
2025-05-29,96.5300
2025-05-30,96.8500
2025-06-03,97.3100
2025-06-04,97.4100
2025-06-05,97.9000
2025-06-06,98.5100
2025-06-09,99.0600
2025-06-10,99.1200
2025-06-11,99.6900
2025-06-12,100.3300
2025-06-13,101.0800
2025-06-16,101.0800
2025-06-17,102.1500
2025-06-18,102.8000
2025-06-19,103.7300
2025-06-20,104.5400
2025-06-23,104.5400
2025-06-24,104.5400
2025-06-25,105.4500
2025-06-26,106.1600
2025-06-27,106.8600
2025-06-30,107.6200
2025-07-01,108.1800
2025-07-02,108.9700
2025-07-03,109.7700
2025-07-04,110.5500
2025-07-07,111.4100
2025-07-08,112.1200
2025-07-09,112.8200
2025-07-10,113.7500
2025-07-11,114.4100
2025-07-14,115.3200
2025-07-15,115.8400
2025-07-16,116.8100
2025-07-17,117.4000
2025-07-18,118.2800
2025-07-21,119.1400
2025-07-22,119.6600
2025-07-23,120.4200
2025-07-24,121.3400
2025-07-25,121.3500
2025-07-28,122.1700
2025-07-29,122.8400
2025-07-30,123.8700
2025-07-31,124.5100
2025-08-01,125.4200
2025-08-04,126.2800
2025-08-05,127.1000
2025-08-06,128.2400
2025-08-07,129.0500
2025-08-08,130.0600
2025-08-11,131.1200
2025-08-12,132.3000
2025-08-13,133.5100
2025-08-14,134.4800
2025-08-15,135.6300
2025-08-18,136.8900
2025-08-19,136.8900
2025-08-20,138.1200
2025-08-21,139.4000
2025-08-22,140.6600
2025-08-25,141.8800
2025-08-26,143.0300
2025-08-27,144.3700
2025-08-28,145.7400
2025-08-29,147.0800
2025-09-01,148.4400
2025-09-02,149.4600
2025-09-03,150.7900
2025-09-04,151.7600
2025-09-05,152.8200
2025-09-08,154.0100
2025-09-09,154.9800
2025-09-10,156.3700
2025-09-11,157.7200
2025-09-12,158.9200
2025-09-15,160.4400
2025-09-16,160.4400
2025-09-17,161.8800
2025-09-18,163.6400
2025-09-19,165.4100
2025-09-22,166.5800
2025-09-23,168.4100
2025-09-24,169.9700
2025-09-25,171.9400
2025-09-26,173.7300
2025-09-29,175.6400
2025-09-30,177.6100
2025-10-01,179.4300
2025-10-02,181.3000
2025-10-03,183.1300
2025-10-06,185.3900
2025-10-07,187.2800
2025-10-08,189.2500
2025-10-09,191.3600
2025-10-10,193.2900
2025-10-13,195.2400
2025-10-14,197.2400
2025-10-15,199.1000
2025-10-16,201.4600
2025-10-17,203.7400
2025-10-20,205.6700
2025-10-22,210.2800
2025-10-23,212.4800
2025-10-24,214.4100
2025-10-27,216.3700
2025-10-28,218.1700
2025-10-29,219.8700
2025-10-30,221.7400
2025-10-31,223.6400
2025-11-03,223.9600
2025-11-04,224.3700
2025-11-05,226.1300
2025-11-06,227.5500
2025-11-07,228.4700
2025-11-10,231.0400
2025-11-11,231.0900
2025-11-12,233.0400
2025-11-13,233.5500
2025-11-14,234.8700
2025-11-17,236.4600
2025-11-18,236.8300
2025-11-19,237.7500
2025-11-20,240.3200
2025-11-21,241.5700
2025-11-24,243.1100
2025-11-25,243.1100
2025-11-26,243.5700
2025-11-27,244.6500
2025-11-28,245.6700
2025-12-01,247.3000
2025-12-02,247.4000
2025-12-03,249.1900
2025-12-04,251.8800
2025-12-05,254.8700
2025-12-08,257.9200
2025-12-09,257.9200
2025-12-10,262.1000
2025-12-11,265.0600
2025-12-12,267.6400
2025-12-15,270.7800
2025-12-16,273.5800
2025-12-17,276.5700
2025-12-18,279.5600
2025-12-19,282.5100
2025-12-22,285.4000
2025-12-23,288.4400
2025-12-24,291.3500
2025-12-26,291.3500
2025-12-29,294.9600
2025-12-30,298.1400
2025-12-31,301.3700
2026-01-02,301.3700
2026-01-05,304.6700
2026-01-06,308.1500
2026-01-07,311.8800
2026-01-08,321.0300
2026-01-09,325.3800
2026-01-12,330.3800
2026-01-13,330.3800
2026-01-14,336.4500
2026-01-15,339.1400
2026-01-16,341.7400
2026-01-19,344.5000
2026-01-20,344.5000
2026-01-21,347.2600
2026-01-22,349.9200
2026-01-23,352.7000
2026-01-26,355.5500
2026-01-27,358.9200
2026-01-28,361.4900
2026-01-29,363.6600
2026-01-30,367.3100
2026-02-02,370.2500
2026-02-03,372.1000
2026-02-04,375.0800
2026-02-05,378.4500
2026-02-06,381.1000
2026-02-09,382.6300
2026-02-10,385.2700
2026-02-11,385.2700
2026-02-12,390.2900
2026-02-13,393.2200
2026-02-16,396.3600
2026-02-17,396.3600
2026-02-18,396.3600
2026-02-19,398.7500
2026-02-20,402.3300
2026-02-23,405.3500
2026-02-24,407.3700
2026-02-25,411.0800
2026-02-26,414.0400
2026-02-27,417.3600
2026-03-02,419.0800
2026-03-03,421.8700
2026-03-04,425.6700
2026-03-05,427.9300
2026-03-06,431.0100
2026-03-09,433.1700
2026-03-10,436.2400
2026-03-11,438.2000
2026-03-12,440.9600
2026-03-13,443.2500
2026-03-16,446.8000
2026-03-17,448.3600
2026-03-18,451.5000
2026-03-19,455.2500
2026-03-20,455.2500
2026-03-23,457.0700
2026-03-24,459.4500
2026-03-25,462.6600
2026-03-26,466.6000
2026-03-27,468.5100
2026-03-30,471.7000
2026-03-31,473.8700
2026-04-01,473.9100
2026-04-06,474.0500
2026-04-07,474.5300
2026-04-08,475.0000
2026-04-09,475.9500
2026-04-10,476.1400
2026-04-13,477.1400
2026-04-14,477.6200
2026-04-15,478.5800
2026-04-16,479.7700
2026-04-17,480.2500
2026-04-20,481.2100
2026-04-21,481.6900
2026-04-22,482.7500
2026-04-23,483.3300
2026-04-24,483.8600
2026-04-27,484.7400
2026-04-28,485.2300
2026-04-29,486.2000
2026-04-30,487.1100
2026-05-01,489.5500
2026-05-04,489.5500
2026-05-05,490.0400
2026-05-06,493.3800
2026-05-07,496.8300
2026-05-08,499.8600
2026-05-11,500.4600
2026-05-12,504.9100
2026-05-13,508.6000
2026-05-14,510.7800
2026-05-15,515.1800
2026-05-18,517.9600
2026-05-19,517.9600
2026-05-20,520.9100
2026-05-21,523.6700
2026-05-22,526.8700
2026-05-25,530.5000
2026-05-26,535.3800
2026-05-27,540.0400
2026-05-28,544.5700
2026-05-29,549.3700
2026-06-01,554.4200
2026-06-02,557.9700
2026-06-03,558.6400
2026-06-04,560.3700
2026-06-05,563.2800
2026-06-08,567.6800
2026-06-09,567.6800
2026-06-10,572.6800
2026-06-11,577.5400
2026-06-12,582.6800
2026-06-15,587.4000
2026-06-16,592.5100
2026-06-17,596.7800
2026-06-18,602.3300
2026-06-19,607.3900
2026-06-22,612.4300
2026-06-23,617.6300
2026-06-24,621.5200
2026-06-25,621.5200
2026-06-26,622.2100
2026-06-29,623.0200
2026-06-30,623.0200
2026-07-01,633.3600
2026-07-02,639.7000
2026-07-03,652.9700
2026-07-06,667.0500
2026-07-07,674.9300
2026-07-08,685.9400
2026-07-09,700.2200
2026-07-10,709.6900
2026-07-11,721.3500
2026-07-13,721.3500
2026-07-14,723.9900
2026-07-15,725.7400
2026-07-16,727.4500
2026-07-17,732.4700
2026-07-20,736.9300
2026-07-21,737.2300
2026-07-22,737.2300
2026-07-23,737.8800
2026-07-24,742.2200
2026-07-27,742.2200
2026-07-28,742.8100
2026-07-29,744.2200
2026-07-30,745.6300
2026-07-31,746.6200
2026-08-03,748.7800
2026-08-04,752.0900
2026-08-05,755.1500
2026-08-06,755.9000
2026-08-07,756.7000
2026-08-10,757.5400
2026-08-11,761.2100
2026-08-12,764.3400
2026-08-13,766.8600
2026-08-14,771.0700
2026-08-17,772.5400
2026-08-18,773.3100
2026-08-19,775.3300
2026-08-20,777.4100
2026-08-21,779.9500
2026-08-24,784.6600
2026-08-25,785.0600
2026-08-26,787.5100
2026-08-27,791.3200
2026-08-28,791.6600
2026-08-31,794.9900
2026-09-01,798.3200
2026-09-02,801.1700
2026-09-03,804.8100
2026-09-04,807.3800
2026-09-07,813.7300
2026-09-08,814.6900
2026-09-09,820.1000
2026-09-10,827.7300
2026-09-11,832.4800
2026-09-14,841.5000
2026-09-15,842.2000
2026-09-16,846.5100
2026-09-17,847.4400
2026-09-18,848.5400
2026-09-21,849.5600
2026-09-22,852.4100
